{
    "Triangles": {
        "networkvrancea_10km_3mag.txt": {
            "Nodes": 320,
            "Edges": 2534,
            "Mappings": 11909,
            "AvgMap": 2905.0,
            "Time": 0.3883180618286133
        },
        "networkvrancea_5km_4mag.txt": {
            "Nodes": 264,
            "Edges": 375,
            "Mappings": 3,
            "AvgMap": 0.0,
            "Time": 0.008645772933959961
        },
        "networkvrancea_10km_1mag.txt": {
            "Nodes": 536,
            "Edges": 5048,
            "Mappings": 37121,
            "AvgMap": 8050.0,
            "Time": 1.4575769901275635
        },
        "networkvrancea_10km_2mag.txt": {
            "Nodes": 519,
            "Edges": 4960,
            "Mappings": 36789,
            "AvgMap": 9883.0,
            "Time": 1.4402217864990234
        },
        "networkvrancea_10km_4mag.txt": {
            "Nodes": 113,
            "Edges": 326,
            "Mappings": 135,
            "AvgMap": 103.0,
            "Time": 0.009834527969360352
        },
        "networkvrancea_5km_2mag.txt": {
            "Nodes": 1684,
            "Edges": 7383,
            "Mappings": 2137,
            "AvgMap": 1086.0,
            "Time": 0.6804637908935547
        },
        "networkvrancea_5km_1mag.txt": {
            "Nodes": 1723,
            "Edges": 7471,
            "Mappings": 2124,
            "AvgMap": 895.0,
            "Time": 0.692699670791626
        },
        "networkvrancea_5km_3mag.txt": {
            "Nodes": 983,
            "Edges": 3721,
            "Mappings": 1122,
            "AvgMap": 525.0,
            "Time": 0.2085249423980713
        }
    },
    "Tetrahedrons": {
        "networkvrancea_10km_3mag.txt": {
            "Nodes": 320,
            "Edges": 2534,
            "Mappings": 37656,
            "AvgMap": 23707.0,
            "Time": 3.823244333267212
        },
        "networkvrancea_5km_4mag.txt": {
            "Nodes": 264,
            "Edges": 375,
            "Mappings": 3,
            "AvgMap": 5.0,
            "Time": 0.022708654403686523
        },
        "networkvrancea_10km_1mag.txt": {
            "Nodes": 536,
            "Edges": 5048,
            "Mappings": 119334,
            "AvgMap": 67549.0,
            "Time": 15.422810792922974
        },
        "networkvrancea_10km_2mag.txt": {
            "Nodes": 519,
            "Edges": 4960,
            "Mappings": 118799,
            "AvgMap": 53544.0,
            "Time": 14.65955662727356
        },
        "networkvrancea_10km_4mag.txt": {
            "Nodes": 113,
            "Edges": 326,
            "Mappings": 386,
            "AvgMap": 275.0,
            "Time": 0.05721616744995117
        },
        "networkvrancea_5km_2mag.txt": {
            "Nodes": 1684,
            "Edges": 7383,
            "Mappings": 20868,
            "AvgMap": 9681.0,
            "Time": 4.474858999252319
        },
        "networkvrancea_5km_1mag.txt": {
            "Nodes": 1723,
            "Edges": 7471,
            "Mappings": 20498,
            "AvgMap": 8440.0,
            "Time": 4.482375860214233
        },
        "networkvrancea_5km_3mag.txt": {
            "Nodes": 983,
            "Edges": 3721,
            "Mappings": 8045,
            "AvgMap": 2653.0,
            "Time": 1.4933826923370361
        }
    }
}