{
    "Triangles": {
        "networkvrancea_10km_1mag.txt": {
            "Nodes": 536,
            "Edges": 5048,
            "Mappings": 37121,
            "AvgMap": 9488.0,
            "Time": 1.4338490962982178
        },
        "networkvrancea_10km_2mag.txt": {
            "Nodes": 519,
            "Edges": 4960,
            "Mappings": 36789,
            "AvgMap": 10085.0,
            "Time": 1.5497822761535645
        },
        "networkvrancea_10km_3mag.txt": {
            "Nodes": 320,
            "Edges": 2534,
            "Mappings": 11909,
            "AvgMap": 3200.0,
            "Time": 0.39248085021972656
        },
        "networkvrancea_10km_4mag.txt": {
            "Nodes": 113,
            "Edges": 326,
            "Mappings": 135,
            "AvgMap": 61.0,
            "Time": 0.008470535278320312
        },
        "networkvrancea_5km_1mag.txt": {
            "Nodes": 1723,
            "Edges": 7471,
            "Mappings": 2124,
            "AvgMap": 1001.0,
            "Time": 0.682830810546875
        },
        "networkvrancea_5km_2mag.txt": {
            "Nodes": 1684,
            "Edges": 7383,
            "Mappings": 2137,
            "AvgMap": 911.0,
            "Time": 0.6696286201477051
        },
        "networkvrancea_5km_3mag.txt": {
            "Nodes": 983,
            "Edges": 3721,
            "Mappings": 1122,
            "AvgMap": 355.0,
            "Time": 0.21251606941223145
        },
        "networkvrancea_5km_4mag.txt": {
            "Nodes": 264,
            "Edges": 375,
            "Mappings": 3,
            "AvgMap": 0.0,
            "Time": 0.007791042327880859
        }
    }
}