{
    "Triangles": {
        "networkvrancea_10km_1mag.txt": {
            "Nodes": 536,
            "Edges": 5048,
            "Mappings": 37121,
            "AvgMap": 9370.0,
            "Time": 1.4554412364959717
        },
        "networkvrancea_10km_2mag.txt": {
            "Nodes": 519,
            "Edges": 4960,
            "Mappings": 36789,
            "AvgMap": 11660.0,
            "Time": 1.6395998001098633
        },
        "networkvrancea_10km_3mag.txt": {
            "Nodes": 320,
            "Edges": 2534,
            "Mappings": 11909,
            "AvgMap": 3533.0,
            "Time": 0.42113757133483887
        },
        "networkvrancea_10km_4mag.txt": {
            "Nodes": 113,
            "Edges": 326,
            "Mappings": 135,
            "AvgMap": 62.0,
            "Time": 0.008634090423583984
        },
        "networkvrancea_5km_1mag.txt": {
            "Nodes": 1723,
            "Edges": 7471,
            "Mappings": 2124,
            "AvgMap": 1150.0,
            "Time": 0.7091586589813232
        },
        "networkvrancea_5km_2mag.txt": {
            "Nodes": 1684,
            "Edges": 7383,
            "Mappings": 2137,
            "AvgMap": 980.0,
            "Time": 0.6863269805908203
        },
        "networkvrancea_5km_3mag.txt": {
            "Nodes": 983,
            "Edges": 3721,
            "Mappings": 1122,
            "AvgMap": 360.0,
            "Time": 0.20877861976623535
        },
        "networkvrancea_5km_4mag.txt": {
            "Nodes": 264,
            "Edges": 375,
            "Mappings": 3,
            "AvgMap": 10.0,
            "Time": 0.0077016353607177734
        }
    },
    "Tetrahedrons1": {
        "networkvrancea_10km_1mag.txt": {
            "Nodes": 536,
            "Edges": 5048,
            "Mappings": 119334,
            "AvgMap": 37537.0,
            "Time": 14.756927728652954
        },
        "networkvrancea_10km_2mag.txt": {
            "Nodes": 519,
            "Edges": 4960,
            "Mappings": 118799,
            "AvgMap": 72200.0,
            "Time": 15.18755316734314
        },
        "networkvrancea_10km_3mag.txt": {
            "Nodes": 320,
            "Edges": 2534,
            "Mappings": 37656,
            "AvgMap": 18492.0,
            "Time": 3.786654233932495
        },
        "networkvrancea_10km_4mag.txt": {
            "Nodes": 113,
            "Edges": 326,
            "Mappings": 386,
            "AvgMap": 109.0,
            "Time": 0.05659914016723633
        },
        "networkvrancea_5km_1mag.txt": {
            "Nodes": 1723,
            "Edges": 7471,
            "Mappings": 20498,
            "AvgMap": 8170.0,
            "Time": 4.514725208282471
        },
        "networkvrancea_5km_2mag.txt": {
            "Nodes": 1684,
            "Edges": 7383,
            "Mappings": 20868,
            "AvgMap": 8970.0,
            "Time": 4.469801664352417
        },
        "networkvrancea_5km_3mag.txt": {
            "Nodes": 983,
            "Edges": 3721,
            "Mappings": 8045,
            "AvgMap": 2845.0,
            "Time": 1.50966477394104
        },
        "networkvrancea_5km_4mag.txt": {
            "Nodes": 264,
            "Edges": 375,
            "Mappings": 3,
            "AvgMap": 0.0,
            "Time": 0.022428035736083984
        }
    },
    "Tetrahedrons2": {
        "networkvrancea_10km_1mag.txt": {
            "Nodes": 536,
            "Edges": 5048,
            "Mappings": 222023,
            "AvgMap": 5745.0,
            "Time": 13.430341482162476
        },
        "networkvrancea_10km_2mag.txt": {
            "Nodes": 519,
            "Edges": 4960,
            "Mappings": 219656,
            "AvgMap": 11130.0,
            "Time": 13.513904333114624
        },
        "networkvrancea_10km_3mag.txt": {
            "Nodes": 320,
            "Edges": 2534,
            "Mappings": 40418,
            "AvgMap": 3125.0,
            "Time": 2.201075792312622
        },
        "networkvrancea_10km_4mag.txt": {
            "Nodes": 113,
            "Edges": 326,
            "Mappings": 17,
            "AvgMap": 5.0,
            "Time": 0.010592937469482422
        },
        "networkvrancea_5km_1mag.txt": {
            "Nodes": 1723,
            "Edges": 7471,
            "Mappings": 225,
            "AvgMap": 5.0,
            "Time": 0.7410809993743896
        },
        "networkvrancea_5km_2mag.txt": {
            "Nodes": 1684,
            "Edges": 7383,
            "Mappings": 230,
            "AvgMap": 10.0,
            "Time": 0.7382888793945312
        },
        "networkvrancea_5km_3mag.txt": {
            "Nodes": 983,
            "Edges": 3721,
            "Mappings": 100,
            "AvgMap": 0.0,
            "Time": 0.22645974159240723
        },
        "networkvrancea_5km_4mag.txt": {
            "Nodes": 264,
            "Edges": 375,
            "Mappings": 0,
            "AvgMap": 0.0,
            "Time": 0.006946563720703125
        }
    },
    "Tetrahedrons3": {
        "networkvrancea_10km_1mag.txt": {
            "Nodes": 536,
            "Edges": 5048,
            "Mappings": 209344,
            "AvgMap": 18921.0,
            "Time": 35.112680435180664
        },
        "networkvrancea_10km_2mag.txt": {
            "Nodes": 519,
            "Edges": 4960,
            "Mappings": 205123,
            "AvgMap": 23650.0,
            "Time": 35.17785716056824
        },
        "networkvrancea_10km_3mag.txt": {
            "Nodes": 320,
            "Edges": 2534,
            "Mappings": 46391,
            "AvgMap": 6688.0,
            "Time": 6.6520304679870605
        },
        "networkvrancea_10km_4mag.txt": {
            "Nodes": 113,
            "Edges": 326,
            "Mappings": 92,
            "AvgMap": 5.0,
            "Time": 0.02167034149169922
        },
        "networkvrancea_5km_1mag.txt": {
            "Nodes": 1723,
            "Edges": 7471,
            "Mappings": 1625,
            "AvgMap": 415.0,
            "Time": 0.9721319675445557
        },
        "networkvrancea_5km_2mag.txt": {
            "Nodes": 1684,
            "Edges": 7383,
            "Mappings": 1641,
            "AvgMap": 235.0,
            "Time": 0.9644601345062256
        },
        "networkvrancea_5km_3mag.txt": {
            "Nodes": 983,
            "Edges": 3721,
            "Mappings": 846,
            "AvgMap": 55.0,
            "Time": 0.3307509422302246
        },
        "networkvrancea_5km_4mag.txt": {
            "Nodes": 264,
            "Edges": 375,
            "Mappings": 0,
            "AvgMap": 0.0,
            "Time": 0.005487203598022461
        }
    },
    "Tetrahedrons4": {
        "networkvrancea_10km_1mag.txt": {
            "Nodes": 536,
            "Edges": 5048,
            "Mappings": 0,
            "AvgMap": 42817.0,
            "Time": 96.46362042427063
        },
        "networkvrancea_10km_2mag.txt": {
            "Nodes": 519,
            "Edges": 4960,
            "Mappings": 0,
            "AvgMap": 31620.0,
            "Time": 90.54407167434692
        },
        "networkvrancea_10km_3mag.txt": {
            "Nodes": 320,
            "Edges": 2534,
            "Mappings": 0,
            "AvgMap": 13520.0,
            "Time": 17.587320566177368
        },
        "networkvrancea_10km_4mag.txt": {
            "Nodes": 113,
            "Edges": 326,
            "Mappings": 0,
            "AvgMap": 213.0,
            "Time": 0.06757521629333496
        },
        "networkvrancea_5km_1mag.txt": {
            "Nodes": 1723,
            "Edges": 7471,
            "Mappings": 0,
            "AvgMap": 8897.0,
            "Time": 4.7923264503479
        },
        "networkvrancea_5km_2mag.txt": {
            "Nodes": 1684,
            "Edges": 7383,
            "Mappings": 0,
            "AvgMap": 4957.0,
            "Time": 4.578359365463257
        },
        "networkvrancea_5km_3mag.txt": {
            "Nodes": 983,
            "Edges": 3721,
            "Mappings": 0,